{
  "products": [
    {
      "id": 1,
      "name": "마로네 노트북 파우치",
      "provider": "아이돈케어",
      "price": 17100,
      "image": "/images/image001.png"
    },
    {
      "id": 2,
      "name": "에어팟 키링",
      "provider": "gorigory",
      "price": 3000,
      "image": "/images/image002.png"
    },
    {
      "id": 3,
      "name": "폴리폴리 무릎 담요",
      "provider": "100-QM",
      "price": 7000,
      "image": "/images/image003.png"
    },
    {
      "id": 4,
      "name": "아이폰 스티커 팩",
      "provider": "문구 판매소",
      "price": 1900,
      "image": "/images/image004.png"
    },
    {
      "id": 5,
      "name": "개발자 키보드",
      "provider": "numpy",
      "price": 99000,
      "image": "/images/image005.png"
    },
    {
      "id": 6,
      "name": "개발자 커스텀 케이블",
      "provider": "보물보따리",
      "price": 69000,
      "image": "/images/image006.png"
    },
    {
      "id": 7,
      "name": "문 긁는 고양이",
      "provider": "집",
      "price": 1000000,
      "image": "/images/image007.png"
    },
    {
      "id": 8,
      "name": "우당탕탕 인테리어 책",
      "provider": "우당탕탕",
      "price": 5900,
      "image": "/images/image008.png"
    }
  ]
}
